Fecha/Data,Descripcion,Deskribapena,Lugar,Tokia,Territorio/lurraldea,Codigo Eustat,Latitud,Longitud,,,
01/01/2020,Año nuevo,Urteberri eguna,CAE,EAE,Todos/denak,,,,,,
06/01/2020,Día de Reyes,Errege Magoen eguna,CAE,EAE,Todos/denak,,,,,,
19/03/2020,San José,San Jose eguna,CAE,EAE,Todos/denak,,,,,,
09/04/2020,Jueves Santo,Ostegun Santua,CAE,EAE,Todos/denak,,,,,,
10/04/2020,Viernes Santo,Ostiral Santua,CAE,EAE,Todos/denak,,,,,,
13/04/2020,Lunes de Pascua de Resurrección,Pazko Astelehena,CAE,EAE,Todos/denak,,,,,,
01/05/2020,Fiesta del trabajo,Langileen eguna,CAE,EAE,Todos/denak,,,,,,
25/07/2020,Santiago Apóstol,Santiago Apostolua,CAE,EAE,Todos/denak,,,,,,
15/08/2020,Asunción de la Virgen,Andra Mari eguna,CAE,EAE,Todos/denak,,,,,,
12/10/2020,Fiesta Nacional,Espainako jai nazionala,CAE,EAE,Todos/denak,,,,,,
08/12/2020,Día de la Inmaculada Concepción,Andre Maria Sortzez Garbiaren eguna,CAE,EAE,Todos/denak,,,,,,
25/12/2020,Natividad del Señor,Eguberri eguna,CAE,EAE,Todos/denak,,,,,,
31/07/2020,San Ignacio de Loiola,Loiolako San Ignazio,Bizkaia,Bizkaia,Bizkaia,,,,,,
31/07/2020,San Ignacio de Loiola,Loiolako San Ignazio,Gipuzkoa,Gipuzkoa,Gipuzkoa,,,,,,
28/04/2020,San Prudencio  ,San Prudentzio,Álava - Araba,Álava - Araba,Álava - Araba,,,,,,
15/05/2020,San Trokaz,San Trokaz,Abadiño  ,Abadiño  ,Bizkaia,1,43,150000,-2,610278,
15/06/2020,San Antonio,Antonio Deuna,Abanto y Ciérvana - Abanto Zierbena ,Abanto y Ciérvana-Abanto Zierbena ,Bizkaia,2,43,316389,-3,83333,
21/05/2020,La Ascensión  ,Asentzio Eguna  ,Ajangiz,Ajangiz,Bizkaia,911,43,301000,-2,671000,
24/08/2020,San Bartolomé,Bartolome Deuna,Alonsotegi,Alonsotegi,Bizkaia,912,43,245186,-2,988701,
16/07/2020,Ntra. Sra. del Carmen  ,Karmengo Amaren Eguna,Amorebieta-Etxano  ,Amorebieta-Etxano  ,Bizkaia,3,43,226104,-2,712628,
06/07/2020,San Martín  ,San Martin,Amoroto  ,Amoroto  ,Bizkaia,4,43,328500,-2,512500,
18/07/2020,Santa Marina  ,Santa Marina eguna,Arakaldo  ,Arakaldo  ,Bizkaia,5,43,149550,-2,925086,
29/06/2020,San Pedro,San Pedro,Arantzazu  ,Arantzazu  ,Bizkaia,6,43,152904,-2,790430,
24/08/2020,San Bartolomé,San Bartolomé,Areatza  ,Areatza  ,Bizkaia,93,43,121079,-2,767771,
29/06/2020,San Pedro,San Pedro eguna,Arrankudiaga,Arrankudiaga,Bizkaia,9,43,173503,-2,917886,
21/12/2020,Santo Tomas,Santo Tomas ,Arratzu,Arratzu,Bizkaia,914,43,311667,-2,638611,
11/11/2020,San Martín,Martin Deuna,Arrieta  ,Arrieta  ,Bizkaia,10,43,340362,-2,769799,
22/07/2020,Santa María Magdalena,Santa María Magdalena,Arrigorriaga,Arrigorriaga,Bizkaia,11,43,207520,-2,887839,
08/09/2020,Fiesta local,Tokiko jai-eguna,Artea  ,Artea  ,Bizkaia,23,43,133718,-2,784141,
02/09/2020,San Antolín,San Antolin,Artzentales  ,Artzentales  ,Bizkaia,8,43,240556,-3,241389,
29/06/2020,San Pedro  ,San Pedro,Atxondo  ,Atxondo  ,Bizkaia,91,43,130342,-2,585079,
24/06/2020,San Juan  ,San Juan  ,Aulesti  ,Aulesti  ,Bizkaia,70,43,296084,-2,563355,
29/09/2020,San Miguel,San Miguel eguna,Bakio  ,Bakio  ,Bizkaia,12,43,427778,-2,811389,
23/10/2020,San Severino,Seberino deuna,Balmaseda  ,Balmaseda  ,Bizkaia,90,43,192866,-3,196942,
16/07/2020,Nuestra Señora del Carmen,Karmengo Andra Mari,Barakaldo  ,Barakaldo  ,Bizkaia,13,43,297222,-2,991667,
24/06/2020,San Juan,San Juan,Barrika  ,Barrika  ,Bizkaia,14,43,406384,-2,962425,
03/10/2020,San Fausto  ,San Fausto  ,Basauri  ,Basauri  ,Bizkaia,15,43,233333,-2,883333,
24/06/2020,San Juan Bautista,San Juan Bautista,Bedia  ,Bedia  ,Bizkaia,92,43,209374,-2,804965,
04/08/2020,Santo Domingo de Guzmán,Santo Domingo de Guzman eguna,Berango,Berango,Bizkaia,16,43,365899,-2,996356,
08/09/2020,Andra Mari,Andra Mari Eguna,Bermeo  ,Bermeo  ,Bizkaia,17,43,420422,-2,722158,
29/06/2020,Fiesta local,Tokiko jai-eguna,Berriatua  ,Berriatua  ,Bizkaia,18,43,316667,-2,466667,
29/06/2020,San Pedro,San Pedro,Berriz  ,Berriz  ,Bizkaia,19,43,193923,-2,589165,
28/08/2020,Viernes de la Semana Grande,Aste Nagusiko Ostirala,Bilbao  ,Bilbao  ,Bizkaia,20,43,256963,-2,923441,
10/07/2020,San Cristóbal,San Cristobal,Busturia  ,Busturia  ,Bizkaia,21,43,383000,-2,697000,
15/05/2020,San Isidro Labrador,Isidor Nekazari Deuna ,Derio  ,Derio  ,Bizkaia,901,43,302000,-2,881833,
29/06/2020,San Pedro,San Pedro,Dima  ,Dima  ,Bizkaia,26,43,143389,-2,751464,
13/10/2020,San Fausto,San Fausto,Durango,Durango,Bizkaia,27,43,169068,-2,632655,
24/06/2020,San Juan,San Juan,Ea  ,Ea  ,Bizkaia,28,43,380135,-2,585593,
29/06/2020,San Pedro,San Pedro,Elantxobe  ,Elantxobe  ,Bizkaia,31,43,403422,-2,639800,
30/07/2020,Fiesta local,Tokiko jai-eguna,Elorrio  ,Elorrio  ,Bizkaia,32,43,130387,-2,542155,
28/08/2020,San Agustín,San Agustin,Erandio  ,Erandio  ,Bizkaia,902,43,307458,-2,946418,
30/09/2020,San Miguel Arcángel,San Miguel Arcángel,Ereño  ,Ereño  ,Bizkaia,33,43,356944,-2,621667,
27/07/2020,Día de Zezen,Zezen eguna,Ermua  ,Ermua  ,Bizkaia,34,43,186642,-2,502607,
13/06/2020,San Antonio,San Antonio,Errigoiti,Errigoiti,Bizkaia,79,43,318709,-2,725344,
28/12/2020,San Esteban,Doneztebe,Etxebarri  ,Etxebarri  ,Bizkaia,29,43,247179,-2,890139,
30/11/2020,San Antonio,San Antonio,Etxebarria  ,Etxebarria  ,Bizkaia,30,43,254146,-2,477354,
11/11/2020,San Martin ,Martin Deuna ,Forua  ,Forua  ,Bizkaia,906,43,333712,-2,678589,
06/08/2020,San Salvador  ,Salbador Deuna,Fruiz  ,Fruiz  ,Bizkaia,35,43,328889,-2,783333,
14/09/2020,Exaltación de la Santa Cruz,Gurutze Santuaren Gorozpena,Galdakao  ,Galdakao  ,Bizkaia,36,43,230556,-2,845833,
29/06/2020,San Pedro Apóstol  ,San Pedro Apostol,Galdames  ,Galdames  ,Bizkaia,37,43,255000,-3,96389,
30/11/2020,San Andrés,San Andres,Gamiz-Fika  ,Gamiz-Fika  ,Bizkaia,38,43,311728,-2,810701,
24/06/2020,Santa Juan,Santa Juan,Garai  ,Garai  ,Bizkaia,39,43,194722,-2,609722,
24/08/2020,San Bartolomé,Bartolome Deuna,Gatika  ,Gatika  ,Bizkaia,40,43,363889,-2,871944,
02/09/2020,San Antolín  ,San Antolin,Gautegiz Arteaga,Gautegiz Arteaga,Bizkaia,41,43,353104,-2,650985,
29/06/2020,San Pedro,San Pedro,Gernika-Lumo  ,Gernika-Lumo  ,Bizkaia,46,43,317073,-2,678975,
24/09/2020,Las Mercedes,Las Mercedes eguna,Getxo  ,Getxo  ,Bizkaia,44,43,344167,-3,6389,
08/09/2020,Andra Mari,Andra Mari,Gizaburuaga,Gizaburuaga,Bizkaia,47,43,331940,-2,536111,
25/09/2020,San Cosme y San Damián,San Cosme y San Damián,Gordexola  ,Gordexola  ,Bizkaia,42,43,178611,-3,72778,
05/08/2020,Nuestra Señora de Aguirre y de las Nieves,Nuestra Señora de Aguirre y de las Nieves,Gorliz  ,Gorliz  ,Bizkaia,43,43,416667,-2,933333,
10/08/2020,San Lorenzo,Lorentzo Deuna,Güeñes  ,Güeñes  ,Bizkaia,45,43,210321,-3,95317,
11/06/2020,Corpus Christi,Corpus Christi,Ibarrangelu,Ibarrangelu,Bizkaia,48,43,390215,-2,633802,
12/06/2020,Fiesta local,Tokiko jai-eguna,Igorre,Igorre,Bizkaia,94,43,165833,-2,776111,
29/09/2020,San Miguel  ,Mikel Deuna,Ispaster,Ispaster,Bizkaia,49,43,362954,-2,544635,
29/09/2020,San Miguel  ,San Miguel,Iurreta  ,Iurreta  ,Bizkaia,910,43,176705,-2,633777,
08/09/2020,Fiesta local,Tokiko jai-eguna,Izurtza  ,Izurtza  ,Bizkaia,50,43,152273,-2,641978,
18/09/2020,Nuestra Señora del Buen Suceso,Buen Sucesoko Ama,Valle de Carranza,Karrantza Harana,Bizkaia,22,43,225278,-3,359444,
27/07/2020,Fiesta local,Tokiko jai-eguna,Kortezubi  ,Kortezubi  ,Bizkaia,907,43,335982,-2,654319,
05/08/2020,Fiesta local,Tokiko jai-eguna,Lanestosa,Lanestosa,Bizkaia,51,43,221169,-3,439148,
15/05/2020,San Isidro Labrador,San Isidro, baserritarra,Larrabetzu,Larrabetzu,Bizkaia,52,43,260973,-2,796175
29/09/2020,San Miguel,San Miguel,Laukiz,Laukiz,Bizkaia,53,43,353333,-2,906111,
24/06/2020,San Juan,San Juan eguna,Leioa ,Leioa ,Bizkaia,54,43,326097,-2,987704,
02/09/2020,San Antolín  ,San Antolin,Lekeitio,Lekeitio,Bizkaia,57,43,365509,-2,503344,
08/09/2020,Andra Maria,Andra Mari,Lemoa,Lemoa,Bizkaia,55,43,208759,-2,774116,
16/07/2020,Fiesta local,Tokiko jai-eguna,Lemoiz,Lemoiz,Bizkaia,56,43,413244,-2,902253,
08/09/2020,Andra Mari,Andra Mari eguna,Lezama,Lezama,Bizkaia,81,43,272167,-2,832167,
29/06/2020,Fiesta local,Tokiko jai-eguna,Loiu,Loiu,Bizkaia,903,43,315000,-2,938333,
26/02/2020,Miércoles de Ceniza,Hautsezko asteazkena,Mallabia,Mallabia,Bizkaia,58,43,189651,-2,529969,
21/10/2020,Fiesta local,Tokiko jai-eguna,Mañaria,Mañaria,Bizkaia,59,43,137485,-2,661135,
16/07/2020,Fiesta local,Tokiko jai-eguna,Markina-Xemein,Markina-Xemein,Bizkaia,60,43,270604,-2,497155,
10/08/2020,San Lorenzo,Lorentzo Deuna,Maruri-Jatabe,Maruri-Jatabe,Bizkaia,61,43,382772,-2,874989,
29/09/2020,San Miguel,San Miguel,Mendata,Mendata,Bizkaia,62,43,283333,-2,633333,
15/05/2020,San isidro,San Isidro eguna,Mendexa,Mendexa,Bizkaia,63,43,346389,-2,483333,
17/08/2020,San Roque,Roke Deuna,Meñaka,Meñaka,Bizkaia,64,43,364464,-2,801795,
11/11/2020,San Martín,San Martin Eguna,Morga,Morga,Bizkaia,66,43,297932,-2,752739,
29/06/2020,San Pedro,San Pedro,Mundaka,Mundaka,Bizkaia,68,43,407335,-2,698322,
29/06/2020,Fiesta local,Tokiko jai-eguna,Mungia,Mungia,Bizkaia,69,43,354410,-2,846714,
29/06/2020,San Pedro y San Pablo,San Pedro eta San Pablo Eguna,Munitibar-Arbatzegi Gerrikaitz,Munitibar-Arbatzegi Gerrikaitz,Bizkaia,7,43,265332,-2,591845,
09/09/2020,Andra Maria,Andra Mari,Murueta,Murueta,Bizkaia,908,43,354463,-2,684153,
24/06/2020,San Juan,San Juan,Muskiz,Muskiz,Bizkaia,71,43,323333,-3,121667,
26/10/2020,último lunes de octubre de Gernika,Gernikako urriko azken astelehena,Muxika,Muxika,Bizkaia,67,43,289668,-2,692941,
08/09/2020,Andra Mari,Andra Mari eguna,Nabarniz,Nabarniz,Bizkaia,909,43,321597,-2,584400,
17/08/2020,Día del pescador,Arrantzale eguna,Ondarroa,Ondarroa,Bizkaia,73,43,320698,-2,420475,
02/09/2020,San Antolin,Antolin Deuna,Orozko,Orozko,Bizkaia,75,43,108611,-2,911111,
18/05/2020,San Félix de Cantalicio,Kantalizioko Felix Deuna,Ortuella,Ortuella,Bizkaia,83,43,311370,-3,55952,
20/07/2020,Santa Maña,Santa Maña,Otxandio  ,Otxandio  ,Bizkaia,72,43,40447,-2,654584,
22/07/2020,La Madalena,La Madalena,Plentzia  ,Plentzia  ,Bizkaia,77,43,404430,-2,950102,
01/07/2020,Virgen de la Guía,Virgen de la Guía,Portugalete  ,Portugalete  ,Bizkaia,78,43,320664,-3,20252,
16/07/2020,Virgen del Carmen,Karmengo Ama,Santurtzi  ,Santurtzi  ,Bizkaia,82,43,328711,-3,31772,
29/06/2020,San Pedro Apostol,San Pedro apostolua,Sestao  ,Sestao  ,Bizkaia,84,43,309635,-3,6940,
24/06/2020,Fiesta local,Tokiko jaieguna,Sondika  ,Sondika  ,Bizkaia,904,43,300063,-2,927103,
29/06/2020,San Pedro,Kepa Deuna,Sopelana  ,Sopelana  ,Bizkaia,85,43,378918,-2,983002,
08/09/2020,Natividad de Nuestra Señora,Andra Mari eguna,Sopuerta  ,Sopuerta  ,Bizkaia,86,43,262778,-3,152500,
30/11/2020,San Andrés  ,San Andres  ,Sukarrieta  ,Sukarrieta  ,Bizkaia,76,43,395342,-2,696367,
29/06/2020,San Pedro,San Pedro,Trucios-Turtzioz  ,Trucios-Turtzioz  ,Bizkaia,87,43,272678,-3,288545,
24/06/2020,San Juan,San Juan eguna,Ubide  ,Ubide  ,Bizkaia,88,43,26832,-2,688209,
08/09/2020,Nuestra Señora de Udiarraga  ,Udiarragako Andra Mari,Ugao-Miraballes  ,Ugao-Miraballes  ,Bizkaia,65,43,179989,-2,902508,
08/09/2020,Andra Mari,Andra Mari eguna,Urduliz  ,Urduliz  ,Bizkaia,89,43,379667,-2,962000,
08/05/2020,Otxomaio  ,Otxomaio  ,Urduña-Orduña  ,Urduña-Orduña  ,Bizkaia,74,42,994449,-3,9622,
06/08/2020,Transfiguración del Señor,Jaunaren itxuraldatzea,Valle de Trápaga-Trapagaran  ,Valle de Trápaga-Trapagaran  ,Bizkaia,80,43,303108,-3,35548,
03/07/2020,Fiesta local,Tokiko jaieguna,Zaldibar  ,Zaldibar  ,Bizkaia,95,43,170970,-2,547130,
05/10/2020,Fiesta local,Tokiko jaieguna,Zalla  ,Zalla  ,Bizkaia,96,43,214009,-3,135223,
11/11/2020,San Martín,San Martin,Zamudio  ,Zamudio  ,Bizkaia,905,43,283333,-2,866667,
10/08/2020,San Lorenzo  ,Lorentzo Deuna ,Zaratamo  ,Zaratamo  ,Bizkaia,97,43,211505,-2,873626,
15/05/2020,San Isidro,San Isidro,Zeanuri  ,Zeanuri  ,Bizkaia,24,43,99664,-2,749615,
02/09/2020,San Antolín  ,San Antolin  ,Zeberio  ,Zeberio  ,Bizkaia,25,43,152778,-2,852778,
15/10/2020,Día de la Independencia de Zierbena  ,Zierbenako Independentziaren Eguna  ,Zierbena  ,Zierbena  ,Bizkaia,913,43,347655,-3,86152,
24/06/2020,San Juan,San Juan,Ziortza-Bolibar  ,Ziortza-Bolibar  ,Bizkaia,915,43,249820,-2,550174,
24/06/2020,San Juan,San Juan,Abaltzisketa  ,Abaltzisketa  ,Gipuzkoa,1,43,47582,-2,105388,
14/08/2020,Fiesta local,Tokiko jai-eguna,Aduna  ,Aduna  ,Gipuzkoa,2,43,203792,-2,50079,
07/08/2020,Fiesta local,Tokiko jai-eguna,Aia  ,Aia  ,Gipuzkoa,16,43,236922,-2,149008,
29/09/2020,San Miguel Arcángel,Mikel Goi Angerua,Aizarnazabal  ,Aizarnazabal  ,Gipuzkoa,3,43,255405,-2,236461,
17/08/2020,Fiesta local,Tokiko jaieguna,Albiztur  ,Albiztur  ,Gipuzkoa,4,43,129723,-2,137180,
16/07/2020,Fiesta local,Tokiko jaieguna,Alegia  ,Alegia  ,Gipuzkoa,5,43,100017,-2,96273,
08/09/2020,Natividad de la Virgen,Amabirjinaren jaiotze eguna,Alkiza  ,Alkiza  ,Gipuzkoa,6,43,172434,-2,109436,
29/09/2020,San Miguel,Migel Deuna,Altzaga  ,Altzaga  ,Gipuzkoa,906,43,64490,-2,153833,
24/02/2020,Lunes de Carnaval  ,Iñauterietako Astelehena,Altzo  ,Altzo  ,Gipuzkoa,7,43,100072,-2,83905,
24/08/2020,San Bartolomé,Bartolome Deuna,Amezketa  ,Amezketa  ,Gipuzkoa,8,43,44517,-2,83235,
24/06/2020,San Juan,San Juan,Andoain  ,Andoain  ,Gipuzkoa,9,43,220480,-2,21122,
11/06/2020,Corpus Christi  ,Gorpuzti-eguna,Anoeta  ,Anoeta  ,Gipuzkoa,10,43,161467,-2,70695,
17/07/2020,Fiesta local,Tokiko jai-eguna,Antzuola  ,Antzuola  ,Gipuzkoa,11,43,99441,-2,381747,
11/11/2020,San Martín  ,Martin Deuna,Arama  ,Arama  ,Gipuzkoa,12,43,63637,-2,165558,
17/08/2020,Fiesta local,Tokiko jai-eguna,Aretxabaleta  ,Aretxabaleta  ,Gipuzkoa,13,43,36248,-2,504542,
24/06/2020,San Juan Bautista,San Juan Bataiatzailea,Arrasate-Mondragon  ,Arrasate-Mondragon  ,Gipuzkoa,55,43,66517,-2,487562,
29/06/2020,San Pedro  ,San Pedro,Asteasu  ,Asteasu  ,Gipuzkoa,14,43,195198,-2,97548,
27/07/2020,Fiesta local,Tokiko jai-eguna,Astigarraga  ,Astigarraga  ,Gipuzkoa,903,43,280652,-1,947560,
11/11/2020,San Martín,San Martin,Ataun - Bº San Martin  ,Ataun - San Martin auzoa  ,Gipuzkoa,15,43,5480,-2,176620,
03/09/2020,San Gregorio  ,San Gregorio  ,Ataun - Bº San Gregorio  ,Ataun - San Gregorio auzoa  ,Gipuzkoa,15,42,978091,-2,180286,
02/07/2020,Santa Isabel,Santa Isabel,Ataun - Bº de Aia  ,Ataun - Aia auzoa  ,Gipuzkoa,15,42,966249,-2,154330,
30/11/2020,San Andrés  ,San Andres,Azkoitia  ,Azkoitia  ,Gipuzkoa,17,43,178205,-2,311640,
20/01/2020,San Sebastián,San Sebastian,Azpeitia  ,Azpeitia  ,Gipuzkoa,18,43,183900,-2,265466,
24/06/2020,San Juan,San Juan,Baliarrain  ,Baliarrain  ,Gipuzkoa,904,43,69306,-2,129235,
25/05/2020,Fiesta local,Tokiko jai-eguna,Beasain  ,Beasain  ,Gipuzkoa,19,43,47076,-2,204605,
29/06/2020,Fiesta local,Tokiko jai-eguna,Beizama  ,Beizama  ,Gipuzkoa,20,43,134191,-2,200113,
24/06/2020,San Juan,San Juan,Belaunza  ,Belauntza  ,Gipuzkoa,21,43,135283,-2,50705,
10/08/2020,San Lorenzo  ,San Lorentzo,Berastegi  ,Berastegi  ,Gipuzkoa,22,43,124029,-1,979426,
16/09/2020,San Martín,San Martin,Bergara  ,Bergara  ,Gipuzkoa,74,43,118217,-2,413358,
28/08/2020,Fiesta local,Tokiko jai-eguna,Berrobi  ,Berrobi  ,Gipuzkoa,23,43,145479,-2,26374,
17/08/2020,Fiesta local,Tokiko jai-eguna,Bidegoian  - Goiatz  ,Bidegoian  - Goiatz  ,Gipuzkoa,24,43,142086,-2,167475,
24/08/2020,Fiesta local,Tokiko jai-eguna,Bidegoian - Bidania  ,Bidegoian - Bidania  ,Gipuzkoa,24,43,139399,-2,159979,
17/08/2020,Fiesta local,Tokiko jai-eguna,Deba  ,Deba  ,Gipuzkoa,29,43,295562,-2,353894,
20/01/2020,San Sebastián  ,San Sebastian,Donostia-San Sebastian  ,Donostia-San Sebastian  ,Gipuzkoa,69,43,321874,-1,985520,
24/06/2020,San Juan,San Juan,Eibar  ,Eibar  ,Gipuzkoa,30,43,184180,-2,473289,
08/09/2020,Fiesta local,Tokiko jai-eguna,Elduaien  ,Elduain  ,Gipuzkoa,31,43,140712,-2,488,
03/07/2020,Fiesta local,Tokiko jai-eguna,Elgeta  ,Elgeta  ,Gipuzkoa,33,43,136572,-2,487392,
17/01/2020,San Antón  ,San Anton,Elgoibar  ,Elgoibar  ,Gipuzkoa,32,43,215187,-2,415702,
22/07/2020,María Magdalena  ,Madalena,Errenteria  ,Errenteria  ,Gipuzkoa,67,43,312752,-1,899633,
11/11/2020,Fiesta local,Tokiko jaieguna,Errezil  ,Errezil  ,Gipuzkoa,66,43,164674,-2,173594,
29/06/2020,San Pedro,San Pedro,Eskoriatza  ,Eskoriatza  ,Gipuzkoa,34,43,17074,-2,526980,
08/05/2020,Aparicion de San Miguel,Mikel Deuna,Ezkio-Itsaso - Ezkio  ,Ezkio-Itsaso - Ezkio  ,Gipuzkoa,35,43,80484,-2,275421,
29/06/2020,San Pedro,San Pedro,Ezkio-Itsaso - Sta. Lutzi-Anduaga,Ezkio-Itsaso - Sta. Lutzi-Anduaga,Gipuzkoa,35,43,64321,-2,274735,
17/08/2020,Día siguiente a San Roque  ,San Rokeren biharamuna,Gabiria  ,Gabiria  ,Gipuzkoa,38,43,49689,-2,279856,
29/09/2020,San Miguel  ,San Migel,Gaintza  ,Gaintza  ,Gipuzkoa,37,43,52629,-2,132370,
14/08/2020,Fiesta local,Tokiko jaieguna,Gaztelu  ,Gaztelu  ,Gipuzkoa,907,43,116579,-2,22278,
06/08/2020,San Salvador  ,Salbatore Deuna,Getaria  ,Getaria  ,Gipuzkoa,39,43,303261,-2,204363,
24/06/2020,San Juan,San Juan,Hernani  ,Hernani  ,Gipuzkoa,40,43,267549,-1,975814,
14/08/2020,Fiesta local,Tokiko jai-eguna,Hernialde  ,Hernialde  ,Gipuzkoa,41,43,154467,-2,85025,
08/09/2020,Ntra. Sra. De Guadalupe,Guadalupeko Ama,Hondarribia  ,Hondarribia  ,Gipuzkoa,36,43,362531,-1,791498,
24/08/2020,San Bartolomé  ,San Bartolome,Ibarra  ,Ibarra  ,Gipuzkoa,42,43,132345,-2,65462,
03/02/2020,Fiesta local,Tokiko jai-eguna,Idiazabal  ,Idiazabal  ,Gipuzkoa,43,43,11782,-2,234214,
10/08/2020,San Lorenzo,San Lorentzo,Ikaztegieta  ,Ikaztegieta  ,Gipuzkoa,44,43,94960,-2,123900,
30/06/2020,Fiesta local,Tokiko jai-eguna,Irun  ,Irun  ,Gipuzkoa,45,43,338233,-1,789272,
29/09/2020,San Miguel ,San Migel,Irura  ,Irura  ,Gipuzkoa,46,43,165688,-2,69616,
22/07/2020,María Magdalena,Madalena Donea,Itsaso - Barrio Itxaso-Alegia ,Itsaso - Itxaso-Alegia auzoa ,Gipuzkoa,35,43,58055,-2,268215,
24/08/2020,San Bartolomé,Bartolome Deuna,Itsaso - Casco,Itsaso - hirigunea,Gipuzkoa,35,43,72544,-2,257418,
08/09/2020,Día de la Virgen de Kizkitza,Kizkitzako Ama Birjinaren eguna,Itsaso - Mendialdea,Itsaso - Mendialdea Zozkera,Gipuzkoa,35,43,72544,-2,257418,
18/09/2020,Fiesta local,Tokiko jai-eguna,Itsasondo  ,Itsasondo  ,Gipuzkoa,47,43,66932,-2,167393,
03/08/2020,San Esteban,San Esteban,Larraul  ,Larraul  ,Gipuzkoa,48,43,187739,-2,102534,
29/06/2020,San Pedro ,San Pedro ,Lasarte-Oria  ,Lasarte-Oria,Gipuzkoa,902,43,267455,-2,20179,
28/04/2020,San Prudencio  ,San Prudentzio,Lazkao  ,Lazkao  ,Gipuzkoa,49,43,34324,-2,187379,
29/06/2020,San Pedro ,San Pedro,Leaburu  ,Leaburu  ,Gipuzkoa,50,43,124984,-2,52106,
04/05/2020,Fiesta local,Tokiko jai-eguna,Tokiko jai-eguna,Legazpi  ,Gipuzkoa,51,43,54361,-2,333641,
21/05/2020,La Ascensión,Azintzio eguna,Legorreta  ,Legorreta  ,Gipuzkoa,52,43,85794,-2,150909,
08/09/2020,Virgen de Dorleta,Dorletako Ama,Leintz-Gatzaga  ,Leintz-Gatzaga  ,Gipuzkoa,68,42,987112,-2,568626,
14/09/2020,Exaltación de la Santa Cruz  ,Gurutze Santuaren gorespena,Lezo  ,Lezo  ,Gipuzkoa,53,43,321127,-1,898775,
08/09/2020,Fiesta local,Tokiko jaieguna,Lizartza  ,Lizartza  ,Gipuzkoa,54,43,103720,-2,34254,
27/07/2020,Santa Ana Txiki,Santa Ana Txiki,Mendaro  ,Mendaro  ,Gipuzkoa,901,43,264167,-2,375500,
29/06/2020,San Pedro  ,San Pedro,Mutiloa  ,Mutiloa  ,Gipuzkoa,57,43,22380,-2,272826,
22/07/2020,María Magdalena,Madalen eguna,Mutriku  ,Mutriku  ,Gipuzkoa,56,43,307069,-2,385083,
03/08/2020,San Esteban  ,Don Eztebe,Oiartzun  ,Oiartzun  ,Gipuzkoa,63,43,299282,-1,857874,
24/06/2020,San Juan,San Joan,Olaberria  ,Olaberria  ,Gipuzkoa,58,43,27075,-2,203089,
29/09/2020,San Miguel,San Migel,Oñati  ,Oñati  ,Gipuzkoa,59,43,32888,-2,411348,
27/07/2020,Día Siguiente a Santa Ana,Santa Anaren biharamuna,Ordizia  ,Ordizia  ,Gipuzkoa,76,43,54198,-2,178115,
20/01/2020,San Sebastián,San Sebastian,Orendain  ,Orendain  ,Gipuzkoa,905,43,79721,-2,114290,
04/05/2020,Fiesta local,Tokiko jaieguna,Orexa  ,Orexa  ,Gipuzkoa,60,43,93881,-2,11392,
29/06/2020,San Pedro  ,San Pedro,Orio  ,Orio  ,Gipuzkoa,61,43,278323,-2,126597,
30/11/2020,San Andrés  ,San Andres,Ormaiztegi  ,Ormaiztegi  ,Gipuzkoa,62,43,42735,-2,255848,
07/07/2020,San Fermín,San Fermin,Pasaia - Antxo  ,Pasaia - Antxo  ,Gipuzkoa,64,43,317534,-1,917562,
24/06/2020,San Juan,San Juan,Pasaia - Donibane  ,Pasaia - Donibane  ,Gipuzkoa,64,43,327481,-1,919883,
29/06/2020,San Pedro  ,San Pedro,Pasaia - San Pedro  ,Pasaia - San Pedro  ,Gipuzkoa,64,43,323348,-1,930432,
16/07/2020,Virgen del Carmen  ,Karmengo Ama,Pasaia - Trintxerpe  ,Pasaia - Trintxerpe  ,Gipuzkoa,64,43,326138,-1,931587,
24/06/2020,Fiesta local,Tokiko jaieguna,Segura  ,Segura  ,Gipuzkoa,70,43,9216,-2,252519,
26/07/2020,Día siguiente a Santa Ana  ,Santa Anaren biharamuna,Soraluze - P. De Las Armas,Soraluze - P. De Las Armas,Gipuzkoa,65,43,175430,-2,412494,
24/06/2020,San Juan,San Juan,Tolosa  ,Tolosa  ,Gipuzkoa,71,43,136978,-2,73914,
29/09/2020,San Miguel  ,San Migel,Urnieta  ,Urnieta  ,Gipuzkoa,72,43,248200,-1,990517,
21/09/2020,Santa Anastasia  ,Santa Anastasia,Urretxu  ,Urretxu  ,Gipuzkoa,77,43,92282,-2,314383,
02/07/2020,Santa Isabel,Santixabel,Usurbil  ,Usurbil  ,Gipuzkoa,73,43,271382,-2,49934,
11/11/2020,San Martin de Tours,San Martin de Tours,Villabona  ,Billabona  ,Gipuzkoa,75,43,189944,-2,52453,
06/10/2020,Santa Fe  ,Santa Fe,Zaldibia  ,Zaldibia  ,Gipuzkoa,78,43,37964,-2,150894,
26/06/2020,San Pelayo  ,San Pelaio,Zarautz  ,Zarautz  ,Gipuzkoa,79,43,280364,-2,171588,
01/06/2020,Lunes de Pentecostés  ,Mendekoste astelehena,Zegama  ,Zegama  ,Gipuzkoa,25,42,975677,-2,290072,
14/08/2020,Fiesta local,Tokiko jaieguna,Zerain  ,Zerain  ,Gipuzkoa,26,43,12119,-2,274118,
08/09/2020,Festividad de la Virgen,Ama Birjinaren eguna,Zestoa  ,Zestoa  ,Gipuzkoa,27,43,239442,-2,258113,
09/09/2020,Nuestra Señora de Arantzazu,Arantzazuko Ama,Zizurkil  ,Zizurkil  ,Gipuzkoa,28,43,199523,-2,74073,
29/06/2020,San Pedro  ,San Pedro,Zumaia  ,Zumaia  ,Gipuzkoa,81,43,297258,-2,256848,
02/07/2020,Santa Isabel  ,Santa Isabel,Zumarraga  ,Zumarraga  ,Gipuzkoa,80,43,90476,-2,313220,
03/02/2020,San Blas,San Joan Bataiatzailea,Alegría-Dulantzi,Alegria-Dulantzi,Álava - Araba,2,42,841035,-2,512684,
17/08/2020,Fiesta local,Tokiko jai-eguna,Amurrio,Amurrio,Álava - Araba,1,43,57875,-2,998775,
10/07/2020,San Cristóbal,Done Kristobal,Añana  ,Añana  ,Álava - Araba,49,42,802352,-2,982607,
06/07/2020,Fiesta local,Tokiko jaieguna,Aramaio  ,Aramaio  ,Álava - Araba,3,43,54000,-2,566000,
11/11/2020,San Martín de Tours,Tourseko San Martin,Armiñón  ,Armiñón  ,Álava - Araba,6,42,723045,-2,872574,
15/06/2020,Fiesta local,Tokiko jaieguna,Arraia-Maeztu  ,Arraia-Maeztu  ,Álava - Araba,37,42,739815,-2,445980,
28/12/2020,Fiesta local,Tokiko jaieguna,Arrazua-Ubarrundia  ,Arrazua-Ubarrundia  ,Álava - Araba,8,42,890278,-2,639167,
08/09/2020,Virgen de la Encina,Arteko Andra Maria,Artziniega  ,Artziniega  ,Álava - Araba,4,43,122201,-3,128209,
29/06/2020,Fiesta local,Tokiko jaieguna,Asparrena  ,Asparrena  ,Álava - Araba,9,42,895667,-2,321000,
27/07/2020,Santiago,Done Jakue,Ayala - Agiñaga,Aiara - Agiñaga,Álava - Araba,10,43,35080,-3,71144,
21/05/2020,San Ramiro,Done Ramiro,Ayala - Añes  ,Aiara - Añes  ,Álava - Araba,10,43,58414,-3,132924,
29/09/2020,San Miguel,Done Mikel,Ayala - Beotegi  ,Aiara - Beotegi  ,Álava - Araba,10,43,88660,-3,75259,
29/09/2020,San Miguel,Done Mikel,Ayala - Costera  ,Aiara - Opellora,Álava - Araba,10,43,102599,-3,103772,
04/05/2020,La Cruz,Gurutzea,Ayala - Erbi  ,Aiara - Erbi  ,Álava - Araba,10,43,74143,-3,111819,
08/05/2020,Ntra. Sra. de la Antigua ,Antiguako Ama ,Ayala - Etxegoien  ,Aiara - Etxegoien  ,Álava - Araba,10,43,43726,-3,21070,
07/01/2020,San Julián,Done Julian,Ayala - Izoria  ,Aiara - Izoria  ,Álava - Araba,10,43,61416,-3,36324,
09/12/2020,La Inmaculada,Sortzez Garbiaren Eguna,Ayala - Lejarzo  ,Aiara - Lejarzo  ,Álava - Araba,10,43,60158,-3,122923,
17/08/2020,La Asunción,Jasokundearen Eguna,Ayala - Lujo  ,Aiara - Luxo  ,Álava - Araba,10,43,77952,-3,96407,
22/07/2020,La Magdalena,Magdalena Eguna,Ayala - Luiaondo  ,Aiara - Luiaondo  ,Álava - Araba,10,43,102723,-2,997211,
27/07/2020,Santiago,Done Jakue,Ayala - Llanteno  ,Aiara - Llanteno  ,Álava - Araba,10,43,91803,-3,99984,
23/11/2020,San Clemente,Done Klemente,Ayala - Madaria  ,Aiara - Madaria  ,Álava - Araba,10,43,43890,-3,85953,
17/01/2020,San Antón,Done Anton,Ayala - Maroño  ,Aiara - Maroño  ,Álava - Araba,10,43,55065,-3,59010,
29/06/2020,San Pedro,Done Petri,Ayala - Menagarai  ,Aiara - Menagarai  ,Álava - Araba,10,43,96299,-3,72769,
25/04/2020,San Marcos,Done Marko,Ayala - Menoio  ,Aiara - Menoio  ,Álava - Araba,10,43,69585,-3,72926,
24/06/2020,San Juan,Done Joane,Ayala - Murga  ,Aiara - Murga  ,Álava - Araba,10,43,75372,-3,25590,
24/01/2020,San Babilás,Done Babilas,Ayala - Olabezar  ,Aiara - Olabezar  ,Álava - Araba,10,43,69997,-3,14813,
08/10/2020,Ntra. Sra. del Rosario ,Errosarioko Andra Maria,Ayala - Ozeka  ,Aiara - Ozeka  ,Álava - Araba,10,43,70824,-3,90905,
05/08/2020,Las Nieves,Elurretako Andra Maria,Ayala - Quejana  ,Aiara - Kexaa,Álava - Araba,10,43,81485,-3,63094,
15/05/2020,San Isidro,Done Isidro,Ayala - Respaldiza  ,Aiara - Arespalditza  ,Álava - Araba,10,43,78065,-3,42931,
22/07/2020,La Magdalena,Magdalena Eguna,Ayala - Retes de Llanteno  ,Aiara - Retes de Llanteno  ,Álava - Araba,10,43,91803,-3,99984,
18/07/2020,Santa Marina,Dona Marina,Ayala - Salmantón  ,Aiara - Salmanton  ,Álava - Araba,10,43,52629,-3,88347,
31/08/2020,San Emeterio,Done Meteri,Ayala - Sojo  ,Aiara - Sojo  ,Álava - Araba,10,43,90730,-3,122839,
18/07/2020,Santa Marina ,Dona Marina,Ayala - Zuaza  ,Aiara - Zuaza  ,Álava - Araba,10,43,99672,-3,49447,
10/07/2020,San Cristóbal,Done Kristobal,Baños de Ebro  ,Mañueta,Álava - Araba,11,42,530290,-2,679144,
24/06/2020,San Juan,Done Joane,Barrundia  ,Barrundia  ,Álava - Araba,13,42,916667,-2,491667,
08/09/2020,Asunción de María,Jasokundearen eguna,Berantevilla  ,Berantevilla  ,Álava - Araba,14,42,682450,-2,860401,
08/09/2020,Fiesta local,Tokiko jaieguna,Bernedo  ,Bernedo  ,Álava - Araba,16,42,626684,-2,497532,
15/05/2020,San Isidro,Done Isidro,Campezo  ,Kanpezu,Álava - Araba,17,42,691944,-2,370000,
08/09/2020,La Virgen,Andra Maria,Kripan  ,Kripan  ,Álava - Araba,19,42,591666,-2,516079,
24/06/2020,Fiesta local,Tokiko jaieguna,Kuartango  ,Kuartango  ,Álava - Araba,20,42,871389,-2,885556,
29/06/2020,San Pedro,San Pedro,Elburgo  ,Burgelu,Álava - Araba,21,42,849564,-2,544762,
08/09/2020,Virgen de la Plaza,Plazako Andra Maria,Elciego  ,Zieko,Álava - Araba,22,42,515073,-2,618277,
15/05/2020,San Isidro,San Isidro,Elvillar,Bilar,Álava - Araba,23,42,570497,-2,544915,
15/05/2020,San Isidro Labrador,San Isidro Nekazaria,Valle de Arana,Harana,Álava - Araba,,42,752731,-2,312303,
14/08/2020,San Roque,Done Roke,Iruña de Oca - Nanclares de la Oca,Iruña Oka - Langraiz Oka,Álava - Araba,901,42,817197,-2,811518,
24/06/2020,San Juan,Done Joane,Iruraiz-Gauna  ,Iruraiz-Gauna  ,Álava - Araba,27,42,822072,-2,495043,
26/11/2020,2º día de Acción de Gracias  ,2. Esker Oneko Eguna,Labastida  ,Labastida  ,Álava - Araba,28,42,590459,-2,792991,
24/08/2020,Fiesta local,Tokiko jaieguna,Lagrán  ,Lagrán  ,Álava - Araba,30,42,626395,-2,583820,
24/06/2020,San Juan,Done Joane,Laguardia  ,Laguardia  ,Álava - Araba,31,42,554278,-2,584237,
08/09/2020,Virgen del Campo,Amabirjina,Lanciego  ,Lantziego  ,Álava - Araba,32,42,562619,-2,513204,
16/09/2020,Santos Cornelio y Cipriano  ,Done Kornelio eta Done Zipri,Lantarón  ,Lantarón  ,Álava - Araba,902,42,756673,-2,987556,
24/08/2020,San Bartolomé,Done Bartolome,Lapuebla de Labarca  ,Lapuebla de Labarca  ,Álava - Araba,33,42,493969,-2,573024,
14/09/2020,La Cofradias,Kofradiak,Legutio,Legutiano  ,Álava - Araba,58,42,977822,-2,642724,
17/08/2020,Fiesta local,Tokiko jaieguna,Leza  ,Leza  ,Álava - Araba,34,42,566068,-2,633635,
17/08/2020,Fiesta local,Tokiko jaieguna,Llodio  ,Laudio,Álava - Araba,36,43,143333,-2,962985,
22/10/2020,Santa Nunilo y Alodia,Alodia eta Nunilo Santuak,Moreda de Alava  ,Moreda de Alava  ,Álava - Araba,39,42,528016,-2,407670,
02/06/2020,San Juan de Ortega,Done Joane Ortegakoa,Navaridas  ,Nabaridas  ,Álava - Araba,41,42,545171,-2,624532,
24/08/2020,San Bartolomé,San Bartolome,Okondo  ,Okondo  ,Álava - Araba,42,43,162222,-3,18889,
22/01/2020,San Vicente y San Anastasio,Bikendi eta Anastasi Santuak,Oyón/Oion  ,Oyón/Oion  ,Álava - Araba,43,42,506137,-2,436965,
15/05/2020,San Isidro Labrador,Done Isidro Nekazaria,Peñacerrada  ,Urizaharra,Álava - Araba,44,42,644095,-2,713374,
15/05/2020,San Isidro Labrador,Done Isidro Nekazaria,Ribera Alta  ,Erribera Goitia,Álava - Araba,46,42,807222,-2,917500,
31/08/2020,Fiesta local,Tokiko jaieguna,Ribera Baja  ,Erribera Beitia,Álava - Araba,47,42,719678,-2,907609,
24/06/2020,San Juan Bautista,San Joan Bataiatzailea,Salvatierra  ,Agurain,Álava - Araba,51,42,852442,-2,389455,
08/09/2020,Nuestra Señora Virgen del Valle,Haranako Andra Maria,Samaniego  ,Samaniego  ,Álava - Araba,52,42,569832,-2,680185,
13/11/2020,San Millán,Done Milian,San Millán,Donemiliaga,Álava - Araba,53,42,874722,-2,376111,
05/10/2020,Nuestra Señora del Rosario,Errosarioko Andra Maria,Urkabustaiz  ,Urkabustaiz  ,Álava - Araba,54,42,971944,-2,922222,
15/05/2020,Fiesta local,Tokiko jaieguna,Valdegovía  ,Valdegovía  ,Álava - Araba,55,42,850000,-3,100000,
15/05/2020,San Torcuato,Done Torkuato,Villabuena de Álava  ,Eskuernaga,Álava - Araba,57,42,548717,-2,665456,
05/08/2020,Vírgen Blanca,Andra Mari Zuria,Vitoria-Gasteiz  ,Vitoria-Gasteiz  ,Álava - Araba,59,42,846406,-2,667893,
21/08/2020,Nuestra Señora de Bercijana,Berzijanako Andra Maria,Yécora,Ikeora,Álava - Araba,60,42,569303,-2,470064,
12/06/2020,San Kisimos,Hargatiko Eguna,Zalduondo  ,Zalduondo  ,Álava - Araba,61,42,885626,-2,347254,
05/08/2020,Fiesta local,Tokiko jaieguna,Zambrana  ,Zambrana  ,Álava - Araba,62,42,659981,-2,879353,
05/08/2020,Fiesta local,Tokiko jaieguna,Zigoitia  ,Zigoitia  ,Álava - Araba,18,42,968200,-2,718300,
29/09/2020,San Miguel,San Miguel,Zuia  ,Zuia  ,Álava - Araba,63,42,981667,-2,844000,
